Transition Probabilities,,,,,,,,,1 Year Transition Matrix (Adjusted for WR),,,,,sourced from Moodys 2024 Annual Default Report,,,,,,,,,,,,,,,,
,,,,,,,,,=Probability/(1-WR),,,,,,,,,,,,,,,,,,,,,
,Transition Probabilities (%),,,,,,,,,Aaa,Aa1,Aa2,Aa3,A1,A2,A3,Baa1,Baa2,Baa3,Ba1,Ba2,Ba3,B1,B2,B3,Caa1,Caa2,Caa3,Ca-C,D
,End of Year Rating,Boyd Gaming Corp (Ba3) Adjusted for WR,Brinker International Inc (Ba3) Adjusted for WR,American Airlines Group Inc (B1) Adjusted for WR,,,,,Aaa,100.00%,0.00%,0.00%,0.00%,0.00%,0.00%,0.00%,0.00%,0.00%,0.00%,0.00%,0.00%,0.00%,0.00%,0.00%,0.00%,0.00%,0.00%,0.00%,0.00%,0.00%
,Aaa,0.00,0.00,0.00,,Ba3 WR,5.30%,,Aa1,0.00%,100.00%,0.00%,0.00%,0.00%,0.00%,0.00%,0.00%,0.00%,0.00%,0.00%,0.00%,0.00%,0.00%,0.00%,0.00%,0.00%,0.00%,0.00%,0.00%,0.00%
,Aa1,0.00,0.00,0.00,,B1 WR,8.70%,,Aa2,0.00%,6.16%,88.50%,5.34%,0.00%,0.00%,0.00%,0.00%,0.00%,0.00%,0.00%,0.00%,0.00%,0.00%,0.00%,0.00%,0.00%,0.00%,0.00%,0.00%,0.00%
,Aa2,0.00,0.00,0.00,,,,,Aa3,0.00%,0.00%,15.17%,53.26%,31.57%,0.00%,0.00%,0.00%,0.00%,0.00%,0.00%,0.00%,0.00%,0.00%,0.00%,0.00%,0.00%,0.00%,0.00%,0.00%,0.00%
,Aa3,0.00,0.00,0.00,,,,,A1,0.00%,0.00%,1.25%,9.98%,86.49%,2.29%,0.00%,0.00%,0.00%,0.00%,0.00%,0.00%,0.00%,0.00%,0.00%,0.00%,0.00%,0.00%,0.00%,0.00%,0.00%
,A1,0.00,0.00,0.00,,,,,A2,0.00%,0.00%,0.00%,0.21%,9.81%,85.64%,2.79%,1.55%,0.00%,0.00%,0.00%,0.00%,0.00%,0.00%,0.00%,0.00%,0.00%,0.00%,0.00%,0.00%,0.00%
,A2,0.00,0.00,0.00,,,,,A3,0.00%,0.00%,2.18%,0.00%,0.41%,5.50%,88.90%,2.80%,0.21%,0.00%,0.00%,0.00%,0.00%,0.00%,0.00%,0.00%,0.00%,0.00%,0.00%,0.00%,0.00%
,A3,0.00,0.00,0.00,,,,,Baa1,0.00%,0.00%,0.00%,0.00%,0.00%,0.42%,7.52%,85.68%,5.43%,0.63%,0.00%,0.31%,0.00%,0.00%,0.00%,0.00%,0.00%,0.00%,0.00%,0.00%,0.00%
,Baa1,0.00,0.00,0.00,,,,,Baa2,0.00%,0.00%,0.00%,0.00%,0.00%,0.00%,0.21%,8.81%,87.20%,3.15%,0.21%,0.21%,0.00%,0.00%,0.00%,0.00%,0.21%,0.00%,0.00%,0.00%,0.00%
,Baa2,0.42,0.42,0.44,,,,,Baa3,0.00%,0.00%,0.00%,0.00%,0.00%,0.00%,0.00%,0.22%,11.06%,83.19%,3.76%,0.22%,0.44%,0.44%,0.44%,0.22%,0.00%,0.00%,0.00%,0.00%,0.00%
,Baa3,0.00,0.00,0.44,,,,,Ba1,0.00%,0.00%,0.00%,0.00%,0.00%,0.00%,0.54%,0.97%,2.58%,11.61%,74.09%,7.63%,0.54%,0.54%,1.51%,0.00%,0.00%,0.00%,0.00%,0.00%,0.00%
,Ba1,2.11,2.11,0.00,,,,,Ba2,0.00%,0.00%,0.00%,0.00%,0.00%,0.00%,0.00%,0.00%,0.00%,3.04%,20.28%,68.00%,5.21%,2.60%,0.43%,0.00%,0.43%,0.00%,0.00%,0.00%,0.00%
,Ba2,14.57,14.57,2.19,,,,,Ba3,0.00%,0.00%,0.00%,0.00%,0.00%,0.00%,0.00%,0.00%,0.42%,0.00%,2.11%,14.57%,76.98%,3.80%,0.00%,0.84%,0.42%,0.00%,0.42%,0.00%,0.42%
,Ba3,76.98,76.98,16.52,,,,,B1,0.00%,0.00%,0.00%,0.00%,0.00%,0.00%,0.00%,0.00%,0.44%,0.44%,0.00%,2.19%,16.52%,69.04%,6.13%,3.50%,0.88%,0.44%,0.00%,0.44%,0.00%
,B1,3.80,3.80,69.04,,,,,B2,0.00%,0.00%,0.00%,0.00%,0.00%,0.00%,0.00%,0.00%,0.00%,0.00%,0.00%,0.99%,3.31%,17.86%,60.09%,14.11%,2.32%,0.00%,0.44%,0.44%,0.44%
,B2,0.00,0.00,6.13,,,,,B3,0.00%,0.00%,0.00%,0.00%,0.00%,0.00%,0.00%,0.00%,0.00%,0.00%,0.33%,0.65%,1.74%,6.52%,12.28%,62.17%,9.89%,3.80%,0.98%,0.65%,0.98%
,B3,0.84,0.84,3.50,,,,,Caa1,0.00%,0.00%,0.00%,0.00%,0.00%,0.00%,0.00%,0.00%,0.00%,0.00%,0.00%,0.33%,0.33%,0.88%,1.43%,8.82%,68.14%,13.89%,2.98%,0.55%,2.65%
,Caa1,0.42,0.42,0.88,,,,,Caa2,0.00%,0.00%,0.00%,0.00%,0.00%,0.00%,0.00%,0.00%,0.00%,0.00%,0.00%,0.00%,0.00%,0.11%,1.14%,0.34%,8.11%,71.35%,10.84%,3.31%,4.79%
,Caa2,0.00,0.00,0.44,,,,,Caa3,0.00%,0.00%,0.00%,0.00%,0.00%,0.00%,0.00%,0.00%,0.00%,0.00%,0.00%,0.00%,0.00%,0.00%,0.00%,0.00%,1.48%,10.22%,58.68%,15.55%,14.07%
,Caa3,0.42,0.42,0.00,,,,,Ca-C,0.00%,0.00%,0.00%,0.00%,0.00%,0.00%,0.00%,0.00%,0.00%,0.00%,0.00%,0.00%,0.00%,0.00%,0.00%,0.00%,0.00%,1.51%,5.47%,43.37%,49.65%
,Ca-C,0.00,0.00,0.44,,,,,D,0.00%,0.00%,0.00%,0.00%,0.00%,0.00%,0.00%,0.00%,0.00%,0.00%,0.00%,0.00%,0.00%,0.00%,0.00%,0.00%,0.00%,0.00%,0.00%,0.00%,100.00%
,D,0.42,0.42,0.00,,,,,,,,,,,,,,,,,,,,,,,,,,
,Total,100.00,100.00,100.00,,,,,,,,,,,,,,,,,,,,,,,,,,
,,,,,,,,,,,,,,,,,,,,,,,,,,,,,,
,,,,,,,,,,,,,,,,,,,,,,,,,,,,,,
